label_id	anchor_x	anchor_y	anchor_z	bb_min_x	bb_min_y	bb_min_z	bb_max_x	bb_max_y	bb_max_z	n_pixels	organelle
1	16.0946088442622	11.9490052276041	22.518125445002603	6.28	0.92	0.0	28.312	24.952	38.584	6468474282	1) target cell area
2	16.3099519289515	8.58762117478474	27.090370489981797	6.32	1.224	0.24	26.008000000000006	23.08	37.944	139694228	2) ER
3	16.7829002211594	8.137426543717693	26.7942781967668	7.176	1.36	3.696	24.376	20.48	38.584	125468295	3) mitochondria
4	15.710329762379699	11.6466589240324	22.850956113594602	7.984	2.256	2.8960000000000004	23.304	23.048	38.584	44848991	4) Golgi
5	16.5957693734878	8.8361526406567	27.283688627642302	7.167999999999998	1.464	4.104	24.072	22.184	38.584	90588735	5) DMV
6	16.999308849391	10.551581445899698	27.993793918235504	10.168	3.448	19.392	22.272	19.744	35.776	2291310049	6) nucleus
