label_id	anchor_x	anchor_y	anchor_z	bb_min_x	bb_min_y	bb_min_z	bb_max_x	bb_max_y	bb_max_z	n_pixels	organelle
0	33.2953536123597	12.9388569030349	10.0491472778315	12.288	4.096	0.0	45.048	24.568	20.584	4170114723	0) background
1	33.5876495575818	12.925039830498399	10.063196468590801	13.927999999999999	5.216	0.0	44.8	24.351999999999997	19.552	3971957809	1) target cell area
2	0.0	0.0	0.0	1.438154507889851e+306	1.438154507889851e+306	1.438154507889851e+306	0.0	0.0	0.0	0	2) ER
3	34.3524794652091	12.9129556064141	10.4595891444686	16.864	7.64	0.9440000000000001	42.768	22.072	20.584	146700179	3) mitochondria
4	34.1245266758735	13.698257731703801	12.0171931852403	24.84	6.144	1.824	43.048	22.2	18.752	33803804	4) Golgi
5	0.0	0.0	0.0	1.438154507889851e+306	1.438154507889851e+306	1.438154507889851e+306	0.0	0.0	0.0	0	5) DMV
6	30.7725281699372	14.492445870055	9.47397948820444	23.232	8.648	1.976	37.792	20.344	17.824	1251446653	6) nucleus
