{
"GAM 1":
 { "position": [13.770985457559522,
4.297107237600919,
22.498323281697203],
 "view": [ 62.978966516763094,
 -198.6684517279897,
 140.71979474123714,
 -2614.5422244535866,
 -163.0338731547062,
 73.53204674015254,
 176.77827602369945,
 -1547.052797101947,
 -180.8069980619879,
 -135.50442412607592,
 -110.38543863030544,
 5555.654866472293
]
}
,

"GAM 2":
 { "position": [11.559252893804471,
6.561352841200274,
33.91239349145274],
 "view": [ -78.57274322471604,
 49.50331700123696,
 125.52515400068911,
 -3209.4249357070216,
 93.28031464258076,
 -85.02916189180607,
 91.92194072710278,
 -3272.6374384390683,
 97.4983362996664,
 121.24471903027731,
 13.214052555712039,
 -2370.657457588922

]
}
,

"GAM 3":
 { "position": [9.966041948565213,
7.170950359407641,
33.41444790712419],
 "view": [ 165.0353845409878,
 61.80625079690663,
 68.11215611256732,
 -3826.889213964083,
 -4.024851262165102,
 -134.92882367959908,
 132.18914369652907,
 -2903.3475227598806,
 91.88622867541315,
 -116.91944449634553,
 -116.54493157979958,
 3816.9660681707537

]
}
,

"GAM 4":
 { "position": [16.384735071176404,
18.946762305086196,
26.250050723741722],
 "view": [ 134.31453648828588,
 0.0,
 0.0,
 -1678.7080965684204,
 0.0,
 134.31453648828588,
 0.0,
 -2086.825596961379,
 0.0,
 0.0,
 134.31453648828588,
 -3525.763395753362

]
}
,

"DMV connector 1":
 { "position": [13.037477900245271,
3.7617338456370093,
33.10820877720424],
 "view": [ 168.3935442054065,
 85.11456617801589,
 -9.750973937737863,
 -1626.7681745588134,
 -6.704795695961309,
 34.531339935647416,
 185.63024773831614,
 -5664.369081943682,
 85.40852757823255,
 -165.10316103891319,
 33.79772522436057,
 -1611.4197848146703

]
}
,

"DMV connector 2":
 { "position": [9.079842068426,
4.305316869154878,
35.68755639112957],
 "view": [ 241.50699254812506,
 -126.24623511712973,
 47.47329560736812,
 -2809.521219101152,
 53.48922102712958,
 0.2686420165286947,
 -271.39691264288933,
 9668.662356026585,
 123.8173207228501,
 246.128562090895,
 24.646605015652767,
 -3063.480274195897

]
}
,

"DMV connector 3":
 { "position": [13.156336257397566,
4.00127211038043,
32.91238832451868],
 "view": [ 282.94483911761137,
 43.58725596973258,
 -277.555638204478,
 6003.097028839136,
 13.425234826007268,
 391.3663379903945,
 75.14596278717742,
 -3552.823225119575,
 280.6363202650944,
 -62.668203822786445,
 276.24394136894676,
 -12533.24112991289

]
}
,

"Centrioloid / Lysosomes cross-section Longitudinal": 
 { "position": [22.363408269742237,
8.4295859351717,
32.43722188841682],
 "view": [ 1.9068983275407112,
 221.764540713607,
 110.0736853825312,
 -5008.512555975863,
 -245.48873288272273,
 15.96984127465967,
 -27.921500499407287,
 6738.041516839045,
 -32.10934068529978,
 -108.92573912802354,
 220.00803982811684,
 -5500.176431590898

]
}
}

