{
 "FIG 2A and B":
 { "position": [18.208080236485884,
                11.728166471402583,
                20.731920401486963
               ],
   "view": [41.3808567582497, 
            0.0, 
            1.7152945730458668E-15, 
            -306.4659601087395, 
            0.0, 41.38085675824969, 
            -1.7152945730458668E-15, 
            10.678423209983066, 
            -3.4305891460917336E-15, 
            0.0, 41.3808567582497, 
            -857.9046284573666
           ]
 }
}
