{
"GAM 1":
 { "position": [13.770985457559522,
4.297107237600919,
22.498323281697203],
 "view": [ 62.978966516763094,
 -198.6684517279897,
 140.71979474123714,
 -2614.5422244535866,
 -163.0338731547062,
 73.53204674015254,
 176.77827602369945,
 -1547.052797101947,
 -180.8069980619879,
 -135.50442412607592,
 -110.38543863030544,
 5555.654866472293
]
}
}

