{
"GAM 1":
 { "position": [13.770985457559522,
4.297107237600919,
22.498323281697203],
 "view": [ 62.978966516763094,
 -198.6684517279897,
 140.71979474123714,
 -2614.5422244535866,
 -163.0338731547062,
 73.53204674015254,
 176.77827602369945,
 -1547.052797101947,
 -180.8069980619879,
 -135.50442412607592,
 -110.38543863030544,
 5555.654866472293
]
}
,

"GAM 2":
 { "position": [11.559252893804471,
6.561352841200274,
33.91239349145274],
 "view": [ -78.57274322471604,
 49.50331700123696,
 125.52515400068911,
 -3209.4249357070216,
 93.28031464258076,
 -85.02916189180607,
 91.92194072710278,
 -3272.6374384390683,
 97.4983362996664,
 121.24471903027731,
 13.214052555712039,
 -2370.657457588922

]
}
,

"GAM 3":
 { "position": [9.966041948565213,
7.170950359407641,
33.41444790712419],
 "view": [ 165.0353845409878,
 61.80625079690663,
 68.11215611256732,
 -3826.889213964083,
 -4.024851262165102,
 -134.92882367959908,
 132.18914369652907,
 -2903.3475227598806,
 91.88622867541315,
 -116.91944449634553,
 -116.54493157979958,
 3816.9660681707537

]
}
,

"GAM 4":
 { "position": [16.384735071176404,
18.946762305086196,
26.250050723741722],
 "view": [ 134.31453648828588,
 0.0,
 0.0,
 -1678.7080965684204,
 0.0,
 134.31453648828588,
 0.0,
 -2086.825596961379,
 0.0,
 0.0,
 134.31453648828588,
 -3525.763395753362

]
}
,

"DMV connector 1":
 { "position": [13.037477900245271,
3.7617338456370093,
33.10820877720424],
 "view": [ 168.3935442054065,
 85.11456617801589,
 -9.750973937737863,
 -1626.7681745588134,
 -6.704795695961309,
 34.531339935647416,
 185.63024773831614,
 -5664.369081943682,
 85.40852757823255,
 -165.10316103891319,
 33.79772522436057,
 -1611.4197848146703

]
}
,

"DMV connector 2":
 { "position": [9.079842068426,
4.305316869154878,
35.68755639112957],
 "view": [ 241.50699254812506,
 -126.24623511712973,
 47.47329560736812,
 -2809.521219101152,
 53.48922102712958,
 0.2686420165286947,
 -271.39691264288933,
 9668.662356026585,
 123.8173207228501,
 246.128562090895,
 24.646605015652767,
 -3063.480274195897

]
}
,

"DMV connector 3":
 { "position": [13.156336257397566,
4.00127211038043,
32.91238832451868],
 "view": [ 282.94483911761137,
 43.58725596973258,
 -277.555638204478,
 6003.097028839136,
 13.425234826007268,
 391.3663379903945,
 75.14596278717742,
 -3552.823225119575,
 280.6363202650944,
 -62.668203822786445,
 276.24394136894676,
 -12533.24112991289

]
}
,

"Centrioloid / Lysosomes cross-section":
 { "position": [22.46451488195762,
8.313477943040741,
32.402837451681144],
 "view": [ -35.22555382568819,
 -111.23190501880107,
 246.08708640418263,
 -5738.870892633966,
 -269.841753854379,
 4.564794718130589,
 -36.562562236687846,
 7686.645536003927,
 10.808268399882104,
 -248.5535282115453,
 -110.79961813619371,
 5413.763784309719

]
}
,

"Centrioloid / Lysosomes cross-section Longitudinal": 
 { "position": [22.363408269742237,
8.4295859351717,
32.43722188841682],
 "view": [ 1.9068983275407112,
 221.764540713607,
 110.0736853825312,
 -5008.512555975863,
 -245.48873288272273,
 15.96984127465967,
 -27.921500499407287,
 6738.041516839045,
 -32.10934068529978,
 -108.92573912802354,
 220.00803982811684,
 -5500.176431590898

]
}
,

"Centriole Cross-section":
 { "position": [22.725504122670102,
12.686114911894329,
28.2948981052883],
 "view": [ -16.973823633191902,
 160.9487547806022,
 125.20254813011796,
 -4717.669040983585,
 -192.52124042763288,
 -54.05235044474034,
 43.38439590493485,
 4349.299510550072,
 67.19934306156887,
 -114.20215478879638,
 155.91794812054505,
 -4490.039743806241

]
}
,

"Centriole Longitudinal":
 { "position": [22.95551709756132,
12.653384159594603,
28.271352018655687],
 "view": [ -17.53654070018998,
 176.65518412599,
 101.7531624772163,
 -4243.425024059628,
 -74.5002022944768,
 89.51197373796825,
 -168.24273187287147,
 5769.010774310836,
 -189.76427485378844,
 -51.46691064536025,
 56.64774938397737,
 3405.859183916729

]
}
,

"Centriole triplet":
 { "position": [19.480233149135515,
19.23202583347322,
21.83336238605783],
 "view": [ -65.54582133578722,
 52.810958457746615,
 186.50211361971995,
 -3316.7820682022248,
 -186.76211601748915,
 35.49157706378589,
 -75.68718775741999,
 5190.100434774498,
 -51.88398344883184,
 -194.4727256885429,
 36.833430972172884,
 3946.6189322998434

]
}
,

"Centriole pair 1 - 1":
 { "position": [18.903934175359105,
3.1924175012789955,
21.10352061128706],
 "view": [ 134.31453648828588,
 0.0,
 0.0,
 -1909.0731565684246,
 0.0,
 134.31453648828588,
 0.0,
 -4.788076961380057,
 0.0,
 0.0,
 134.31453648828588,
 -2834.5095891760084

]
}
,

"Centriole pair 1 - 2":
 { "position": [18.092406228720908,
2.6042458702292923,
21.990299078336445],
 "view": [ 134.31453648828588,
 0.0,
 0.0,
 -1909.0731565684246,
 0.0,
 134.31453648828588,
 0.0,
 -4.788076961380057,
 0.0,
 0.0,
 134.31453648828588,
 -2953.6168279455396

]
}

"Centriole pair 2 - 1":
 { "position": [18.903934175359105,
3.1924175012789955,
21.10352061128706],
 "view": [ 134.31453648828588,
 0.0,
 0.0,
 -1909.0731565684246,
 0.0,
 134.31453648828588,
 0.0,
 -4.788076961380057,
 0.0,
 0.0,
 134.31453648828588,
 -2834.5095891760084


]
}
,

"Centriole pair 2 - 2":
 { "position": [18.092406228720908,
2.6042458702292923,
21.990299078336445],
 "view": [ 134.31453648828588,
 0.0,
 0.0,
 -1909.0731565684246,
 0.0,
 134.31453648828588,
 0.0,
 -4.788076961380057,
 0.0,
 0.0,
 134.31453648828588,
 -2953.6168279455396
 ]
 }
,

"dark thing with a tube inside":
 { "position": [20.635950277877416,
15.25004516809166,
23.635525588407017],
 "view": [ -103.63583073754477,
 31.44362215855537,
 279.31937282402714,
 -4365.752991779976,
 -256.03968957365606,
 112.27735086719011,
 -107.63769166602603,
 6603.461046776234,
 -115.98142425528135,
 -275.9592251216017,
 -11.967210197891557,
 6884.628854599501
]
}
}

