{
"GAM 1":
 { "position": [13.770985457559522,
4.297107237600919,
22.498323281697203],
 "view": [ 62.978966516763094,
 -198.6684517279897,
 140.71979474123714,
 -2614.5422244535866,
 -163.0338731547062,
 73.53204674015254,
 176.77827602369945,
 -1547.052797101947,
 -180.8069980619879,
 -135.50442412607592,
 -110.38543863030544,
 5555.654866472293
]
}
,

"GAM 2":
 { "position": [11.559252893804471,
6.561352841200274,
33.91239349145274],
 "view": [ -78.57274322471604,
 49.50331700123696,
 125.52515400068911,
 -3209.4249357070216,
 93.28031464258076,
 -85.02916189180607,
 91.92194072710278,
 -3272.6374384390683,
 97.4983362996664,
 121.24471903027731,
 13.214052555712039,
 -2370.657457588922

]
}
,

"GAM 3":
 { "position": [9.966041948565213,
7.170950359407641,
33.41444790712419],
 "view": [ 165.0353845409878,
 61.80625079690663,
 68.11215611256732,
 -3826.889213964083,
 -4.024851262165102,
 -134.92882367959908,
 132.18914369652907,
 -2903.3475227598806,
 91.88622867541315,
 -116.91944449634553,
 -116.54493157979958,
 3816.9660681707537

]
}
,

"GAM 4":
 { "position": [16.384735071176404,
18.946762305086196,
26.250050723741722],
 "view": [ 134.31453648828588,
 0.0,
 0.0,
 -1678.7080965684204,
 0.0,
 134.31453648828588,
 0.0,
 -2086.825596961379,
 0.0,
 0.0,
 134.31453648828588,
 -3525.763395753362

]
}

}

