{
"Centrioloid / Lysosomes cross-section Longitudinal": 
 { "position": [22.363408269742237,
8.4295859351717,
32.43722188841682],
 "view": [ 1.9068983275407112,
 221.764540713607,
 110.0736853825312,
 -5008.512555975863,
 -245.48873288272273,
 15.96984127465967,
 -27.921500499407287,
 6738.041516839045,
 -32.10934068529978,
 -108.92573912802354,
 220.00803982811684,
 -5500.176431590898

]
}
}
