{

"Golgi stack 1":
 { "position": [8.64563545426575,
13.631297752896044,
10.375267907312281],
 "view": [ 183.6896515688009,
 0.0,
 0.0,
 -814.1137641849471,
 0.0,
 183.6896515688009,
 0.0,
 -1794.9283346600528,
 0.0,
 0.0,
 183.6896515688009,
 -1905.829346827155
]
}
,

"Golgi stack 2":
 { "position": [16.07063728057023,
12.568296785980593,
14.796250661226255],
 "view": [ 222.2644783982493,
 -6.132465583151799E-15,
 0.0,
 -2703.9318126934027,
 -5.519219024836616E-14,
 222.26447839824922,
 7.358958699782155E-14,
 -2134.4859294903686,
 -4.2927259082062595E-14,
 -1.2264931166303598E-14,
 222.26447839824922,
 -3288.6809354672023
]
}
,

"Autophagosome / zipped ER 1":
 { "position": [11.065239566787927,
9.26066375415424,
7.057380774042769],
 "view": [ 202.05861672568108,
 0.0,
 0.0,
 -1395.8270006034431,
 0.0,
 202.05861672568108,
 0.0,
 -1196.1969081260586,
 0.0,
 0.0,
 202.05861672568108,
 -1426.0045969094983
]
}
,

"Autophagosome / zipped ER 2":
 { "position": [18.768275502593028,
11.477590415216516,
12.62143753842698],
 "view": [ 202.0586167256811,
 0.0,
 4.440892098500628E-16,
 -2962.2917863804346,
 3.5527136788005025E-15,
 202.0586167256811,
 -3.1641356201816965E-15,
 -1755.1460426425851,
 4.440892098500628E-16,
 1.1129985821867202E-14,
 202.0586167256811,
 -2550.2702101041414
]
}
,

"Autophagosome / zipped ER 3":
 { "position": [16.07063728057023,
12.568296785980593,
14.796250661226255],
 "view": [ 222.2644783982493,
 -6.132465583151799E-15,
 0.0,
 -2703.9318126934027,
 -5.519219024836616E-14,
 222.26447839824922,
 7.358958699782155E-14,
 -2134.4859294903686,
 -4.2927259082062595E-14,
 -1.2264931166303598E-14,
 222.26447839824922,
 -3288.6809354672023
]
}
,

"Centriole? 1":
 { "position": [22.324958065299313,
12.35619099744409,
10.173710204939121],
 "view": [ 214.81535074317665,
 -83.98919640865134,
 -81.09249647449765,
 -2054.9455856502545,
 113.30883495209436,
 109.06863284977575,
 187.19229220999267,
 -5123.72798159811,
 -28.129806605031305,
 -202.0536097862674,
 134.7548357776214,
 1753.6530991687803
]
}
,

"Centriole? 2": 
 { "position": [16.07063728057023,
12.568296785980593,
14.796250661226255],
 "view": [ 222.2644783982493,
 -6.132465583151799E-15,
 0.0,
 -2703.9318126934027,
 -5.519219024836616E-14,
 222.26447839824922,
 7.358958699782155E-14,
 -2134.4859294903686,
 -4.2927259082062595E-14,
 -1.2264931166303598E-14,
 222.26447839824922,
 -3288.6809354672023
 ]
 }
 }

